cohort	n	k	logrank_p
TCGA	193	2	0.0929361252764368
METABRIC	209	2	0.812703118301253
