gene	logFC	AveExpr	t	P.Value	adj.P.Val
CENPA	1.64819177147196	7.17270098080407	26.4904680483021	1.75735020291391e-86	2.1046026030097e-82
FOXM1	1.55101592662633	6.8461576893108	21.6007917506704	6.60962649011492e-67	1.93065577672235e-64
HMGA1	1.29310573944107	8.80052026951985	16.2572215934012	6.26909811777332e-45	3.5248224910072e-43
CHCHD3	0.651531105194402	7.45872271187223	13.7146465626895	1.02185083687527e-34	2.34888399662537e-33
E2F7	0.661520267544837	6.02860028746638	13.8159148119173	4.08348886027984e-35	9.64573226641249e-34
ZNF232	0.390734200537	7.12948940521524	7.02214011713794	1.09953817148573e-11	4.00976526848756e-11
VEZF1	-0.628895754078528	9.71301133109204	-11.8246679130628	1.79513870224328e-27	2.33934505963716e-26
