gene	log2FoldChange	lfcSE	stat	pvalue	padj
CENPA	4.61073985902999	0.106162267852315	43.4310603221487	0	0
FOXM1	4.75196016230157	0.12402717941172	38.3138614039346	3.6066792146411e-321	1.26364205842941e-318
HMGA1	2.69627484317446	0.0981046230015004	27.4836675447315	2.75228582676842e-166	2.05076428549301e-164
CHCHD3	0.720621199798821	0.0664341489465463	10.8471503169047	2.05740026775212e-27	7.56063606540375e-27
E2F7	3.72218701943635	0.140628301826465	26.4682640058437	2.24890727656325e-154	1.48131024492668e-152
ZNF232	0.714891714580241	0.0803835747242203	8.89350488620206	5.92110575916573e-19	1.6264028112791e-18
VEZF1	-0.633401892359847	0.0709628537043222	-8.92582329057699	4.42396279969355e-19	1.22251041152129e-18
